{"stats":{"minecraft:custom":{"minecraft:open_chest":5,"minecraft:time_since_rest":1166,"minecraft:sprint_one_cm":25942,"minecraft:crouch_one_cm":100,"minecraft:play_time":16576,"minecraft:damage_taken":10,"minecraft:walk_one_cm":29141,"minecraft:bell_ring":1,"minecraft:sneak_time":48,"minecraft:jump":31,"minecraft:interact_with_brewingstand":1,"minecraft:leave_game":1,"minecraft:time_since_death":16576,"minecraft:sleep_in_bed":1,"minecraft:total_world_time":16576,"minecraft:climb_one_cm":519,"minecraft:fall_one_cm":269,"minecraft:fly_one_cm":4209},"minecraft:mined":{"minecraft:potatoes":2,"minecraft:oak_log":2,"minecraft:wheat":8,"minecraft:pumpkin":1},"minecraft:used":{"minecraft:wheat_seeds":6},"minecraft:picked_up":{"minecraft:wheat":6,"minecraft:pumpkin":1,"minecraft:wheat_seeds":17,"minecraft:potato":2,"minecraft:oak_log":1}},"DataVersion":3465}