{"stats":{"minecraft:custom":{"minecraft:time_since_rest":9002,"minecraft:open_chest":7,"minecraft:play_time":24412,"minecraft:crouch_one_cm":100,"minecraft:sprint_one_cm":45281,"minecraft:damage_taken":10,"minecraft:walk_one_cm":44386,"minecraft:bell_ring":1,"minecraft:sneak_time":58,"minecraft:jump":57,"minecraft:interact_with_brewingstand":1,"minecraft:leave_game":2,"minecraft:time_since_death":24412,"minecraft:sleep_in_bed":1,"minecraft:climb_one_cm":519,"minecraft:total_world_time":24412,"minecraft:interact_with_cartography_table":1,"minecraft:talked_to_villager":4,"minecraft:fall_one_cm":269,"minecraft:fly_one_cm":8572},"minecraft:mined":{"minecraft:potatoes":2,"minecraft:oak_log":2,"minecraft:wheat":8,"minecraft:jack_o_lantern":1,"minecraft:pumpkin":1},"minecraft:used":{"minecraft:wheat_seeds":6,"minecraft:bread":1},"minecraft:picked_up":{"minecraft:wheat":6,"minecraft:pumpkin":1,"minecraft:wheat_seeds":17,"minecraft:potato":2,"minecraft:oak_log":1,"minecraft:jack_o_lantern":1}},"DataVersion":3465}